{
  "SunIntensity": 2.0,
  "SunColor": {
    "x": 1.0,
    "y": 0.9178018,
    "z": 0.8006612,
    "w": 1.0
  },
  "ParticleSize": 0.413766176,
  "ParticleDensity": 0.413766176,
  "DepthShallow": {
    "x": 0.2663385,
    "y": 0.4029009,
    "z": 0.5016644,
    "w": 1.0
  },
  "DepthDeep": {
    "x": 0.558139563,
    "y": 0.9429858,
    "z": 1.0,
    "w": 1.0
  },
  "FoamColor": {
    "x": 0.7790698,
    "y": 0.9866103,
    "z": 1.0,
    "w": 1.0
  },
  "FoamScale": 5.25259733,
  "SkyColor": {
    "x": 1.0,
    "y": 0.7754677,
    "z": 0.343023241,
    "w": 1.0
  },
  "EquatorColor": {
    "x": 1.0,
    "y": 0.756906152,
    "z": 0.6823529,
    "w": 1.0
  },
  "GroundColor": {
    "x": 1.0,
    "y": 1.0,
    "z": 1.0,
    "w": 1.0
  },
  "Seed": 1.5,
  "Scale": 1.5,
  "Contrast": 0.17729412,
  "AnimationSpeed": 0.0172435176,
  "DustAmount": 0.0,
  "Nebular1Strength": 0.5955882,
  "Nebular1ColorMain": {
    "x": 0.0,
    "y": 0.9029852,
    "z": 1.0,
    "w": 1.0
  },
  "Nebular1ColorMid": {
    "x": 0.829173,
    "y": 0.412474543,
    "z": 0.8758719,
    "w": 1.0
  },
  "Nebular2Strength": 1.0,
  "Nebular2Color1": {
    "x": 0.3895349,
    "y": 1.0,
    "z": 0.9880301,
    "w": 1.0
  },
  "Nebular2Color2": {
    "x": 0.875855,
    "y": 0.424418628,
    "z": 1.0,
    "w": 1.0
  },
  "SunSize": 0.0294117648,
  "SunSkyIntensity": 25.0,
  "SunSkyColor": {
    "x": 1.0,
    "y": 0.658234,
    "z": 0.0,
    "w": 1.0
  },
  "SunUp": 0.203871012,
  "SunHorizontal": 0.112077519
}