{
  "SunIntensity": 1.375,
  "SunColor": {
    "x": 1.0,
    "y": 0.9657146,
    "z": 0.854651153,
    "w": 1.0
  },
  "ParticleSize": 0.2801724,
  "ParticleDensity": 0.2801724,
  "DepthShallow": {
    "x": 0.034599755,
    "y": 0.1978871,
    "z": 0.2479649,
    "w": 1.0
  },
  "DepthDeep": {
    "x": 0.383720934,
    "y": 0.8549929,
    "z": 1.0,
    "w": 1.0
  },
  "FoamColor": {
    "x": 0.5928744,
    "y": 0.957948744,
    "z": 0.98052305,
    "w": 1.0
  },
  "FoamScale": 6.81353474,
  "SkyColor": {
    "x": 1.0,
    "y": 0.9758137,
    "z": 0.8139535,
    "w": 1.0
  },
  "EquatorColor": {
    "x": 0.933330655,
    "y": 0.6860465,
    "z": 1.0,
    "w": 1.0
  },
  "GroundColor": {
    "x": 0.0,
    "y": 0.0,
    "z": 0.0,
    "w": 1.0
  },
  "Seed": 1.5,
  "Scale": 1.5,
  "Contrast": 0.354103357,
  "AnimationSpeed": 0.0172435176,
  "DustAmount": 0.284482747,
  "Nebular1Strength": 0.0,
  "Nebular1ColorMain": {
    "x": 0.476744175,
    "y": 0.9505814,
    "z": 1.0,
    "w": 1.0
  },
  "Nebular1ColorMid": {
    "x": 0.824312747,
    "y": 0.371736348,
    "z": 0.8758719,
    "w": 1.0
  },
  "Nebular2Strength": 1.0,
  "Nebular2Color1": {
    "x": 0.0,
    "y": 1.0,
    "z": 0.983871,
    "w": 1.0
  },
  "Nebular2Color2": {
    "x": 0.6292358,
    "y": 0.0,
    "z": 0.800290465,
    "w": 1.0
  },
  "SunSize": 0.0,
  "SunSkyIntensity": 0.9390043,
  "SunSkyColor": {
    "x": 1.0,
    "y": 0.654902,
    "z": 0.0,
    "w": 1.0
  },
  "SunUp": 0.08622396,
  "SunHorizontal": 0.112077519
}