{
  "SunIntensity": 1.72412086,
  "SunColor": {
    "x": 0.8058477,
    "y": 0.5930233,
    "z": 1.0,
    "w": 1.0
  },
  "ParticleSize": 0.2801724,
  "ParticleDensity": 0.2801724,
  "DepthShallow": {
    "x": 0.0526371747,
    "y": 0.0,
    "z": 0.15203467,
    "w": 1.0
  },
  "DepthDeep": {
    "x": 1.0,
    "y": 0.284883738,
    "z": 0.760647357,
    "w": 1.0
  },
  "FoamColor": {
    "x": 0.867150962,
    "y": 0.448700219,
    "z": 0.7270936,
    "w": 1.0
  },
  "FoamScale": 5.349567,
  "SkyColor": {
    "x": 0.116279066,
    "y": 0.808181643,
    "z": 1.0,
    "w": 1.0
  },
  "EquatorColor": {
    "x": 0.0,
    "y": 1.0,
    "z": 0.9699988,
    "w": 1.0
  },
  "GroundColor": {
    "x": 1.0,
    "y": 1.0,
    "z": 1.0,
    "w": 1.0
  },
  "Seed": 1.5,
  "Scale": 1.5,
  "Contrast": 0.5521808,
  "AnimationSpeed": 0.0237090345,
  "DustAmount": 0.0,
  "Nebular1Strength": 0.0431118,
  "Nebular1ColorMain": {
    "x": 0.06666666,
    "y": 0.469243944,
    "z": 0.4862745,
    "w": 1.0
  },
  "Nebular1ColorMid": {
    "x": 0.76999867,
    "y": 0.0,
    "z": 1.0,
    "w": 1.0
  },
  "Nebular2Strength": 0.629475236,
  "Nebular2Color1": {
    "x": 1.0,
    "y": 0.0,
    "z": 0.6652955,
    "w": 1.0
  },
  "Nebular2Color2": {
    "x": 0.0,
    "y": 0.853530645,
    "z": 1.0,
    "w": 1.0
  },
  "SunSize": 0.0,
  "SunSkyIntensity": 1.57779253,
  "SunSkyColor": {
    "x": 0.176470578,
    "y": 0.8212467,
    "z": 1.0,
    "w": 1.0
  },
  "SunUp": 0.051741004,
  "SunHorizontal": 0.112077519
}