{
  "SunIntensity": 0.9999829,
  "SunColor": {
    "x": 0.992724657,
    "y": 0.864090264,
    "z": 1.0,
    "w": 1.0
  },
  "ParticleSize": 0.2801724,
  "ParticleDensity": 0.2801724,
  "DepthShallow": {
    "x": 0.343895137,
    "y": 0.00292671937,
    "z": 0.0,
    "w": 1.0
  },
  "DepthDeep": {
    "x": 0.156976759,
    "y": 0.6980004,
    "z": 1.0,
    "w": 1.0
  },
  "FoamColor": {
    "x": 0.447058827,
    "y": 0.7311586,
    "z": 0.8666667,
    "w": 1.0
  },
  "FoamScale": 5.349567,
  "SkyColor": {
    "x": 0.6511628,
    "y": 0.948906064,
    "z": 1.0,
    "w": 1.0
  },
  "EquatorColor": {
    "x": 0.972113132,
    "y": 0.6860465,
    "z": 1.0,
    "w": 1.0
  },
  "GroundColor": {
    "x": 1.0,
    "y": 1.0,
    "z": 1.0,
    "w": 1.0
  },
  "Seed": 1.5,
  "Scale": 1.5,
  "Contrast": 1.0,
  "AnimationSpeed": 0.021553861,
  "DustAmount": 0.0,
  "Nebular1Strength": 0.396543175,
  "Nebular1ColorMain": {
    "x": 0.442732334,
    "y": 0.0154441586,
    "z": 0.299717039,
    "w": 1.0
  },
  "Nebular1ColorMid": {
    "x": 0.115900472,
    "y": 0.5486955,
    "z": 0.6229649,
    "w": 1.0
  },
  "Nebular2Strength": 0.0,
  "Nebular2Color1": {
    "x": 1.0,
    "y": 0.8876458,
    "z": 0.0,
    "w": 1.0
  },
  "Nebular2Color2": {
    "x": 0.115998477,
    "y": 0.564825356,
    "z": 0.0722451061,
    "w": 1.0
  },
  "SunSize": 0.3275862,
  "SunSkyIntensity": 2.21616817,
  "SunSkyColor": {
    "x": 0.676194251,
    "y": 0.471166134,
    "z": 0.6877903,
    "w": 1.0
  },
  "SunUp": 0.0344998837,
  "SunHorizontal": 0.2069051
}