{
  "SunIntensity": 1.425862,
  "SunColor": {
    "x": 0.7019608,
    "y": 0.7827824,
    "z": 1.0,
    "w": 1.0
  },
  "ParticleSize": 0.1,
  "ParticleDensity": 0.1,
  "DepthShallow": {
    "x": 0.180933788,
    "y": 0.196131513,
    "z": 0.23052305,
    "w": 1.0
  },
  "DepthDeep": {
    "x": 0.150547534,
    "y": 0.207974061,
    "z": 0.4979649,
    "w": 1.0
  },
  "FoamColor": {
    "x": 0.09876916,
    "y": 0.14983049,
    "z": 0.294003636,
    "w": 1.0
  },
  "FoamScale": 6.81353474,
  "SkyColor": {
    "x": 0.379110068,
    "y": 0.372093022,
    "z": 1.0,
    "w": 1.0
  },
  "EquatorColor": {
    "x": 0.152351737,
    "y": 0.0,
    "z": 1.0,
    "w": 1.0
  },
  "GroundColor": {
    "x": 0.9288223,
    "y": 0.0,
    "z": 1.0,
    "w": 1.0
  },
  "Seed": 1.5,
  "Scale": 1.5,
  "Contrast": 0.311034471,
  "AnimationSpeed": 0.02586207,
  "DustAmount": 0.0,
  "Nebular1Strength": 0.103448279,
  "Nebular1ColorMain": {
    "x": 0.0,
    "y": 0.398208469,
    "z": 0.7075471,
    "w": 1.0
  },
  "Nebular1ColorMid": {
    "x": 0.2661015,
    "y": 0.461612165,
    "z": 0.579360247,
    "w": 1.0
  },
  "Nebular2Strength": 0.413793117,
  "Nebular2Color1": {
    "x": 0.0,
    "y": 0.486607254,
    "z": 0.6037736,
    "w": 1.0
  },
  "Nebular2Color2": {
    "x": 1.0,
    "y": 0.504717,
    "z": 0.7709044,
    "w": 1.0
  },
  "SunSize": 0.0948275849,
  "SunSkyIntensity": 1.0,
  "SunSkyColor": {
    "x": 0.58431375,
    "y": 0.741052449,
    "z": 1.0,
    "w": 1.0
  },
  "SunUp": -0.0689654946,
  "SunHorizontal": 0.0
}