{
  "SunIntensity": 0.9999829,
  "SunColor": {
    "x": 1.0,
    "y": 0.945633,
    "z": 0.8117647,
    "w": 1.0
  },
  "ParticleSize": 0.2801724,
  "ParticleDensity": 0.2801724,
  "DepthShallow": {
    "x": 0.133146763,
    "y": 0.279941648,
    "z": 0.09765406,
    "w": 1.0
  },
  "DepthDeep": {
    "x": 0.499642,
    "y": 1.0,
    "z": 0.156976759,
    "w": 1.0
  },
  "FoamColor": {
    "x": 0.5583789,
    "y": 0.8666667,
    "z": 0.447058827,
    "w": 1.0
  },
  "FoamScale": 5.349567,
  "SkyColor": {
    "x": 1.0,
    "y": 0.681461334,
    "z": 0.113725483,
    "w": 1.0
  },
  "EquatorColor": {
    "x": 0.23000133,
    "y": 1.0,
    "z": 0.0,
    "w": 1.0
  },
  "GroundColor": {
    "x": 1.0,
    "y": 1.0,
    "z": 1.0,
    "w": 1.0
  },
  "Seed": 1.5,
  "Scale": 1.5,
  "Contrast": 0.5349397,
  "AnimationSpeed": 0.021553861,
  "DustAmount": 0.396551728,
  "Nebular1Strength": 0.396543175,
  "Nebular1ColorMain": {
    "x": 0.08801714,
    "y": 0.55938524,
    "z": 0.5822672,
    "w": 1.0
  },
  "Nebular1ColorMid": {
    "x": 0.0776224,
    "y": 0.3845928,
    "z": 0.0,
    "w": 1.0
  },
  "Nebular2Strength": 1.0,
  "Nebular2Color1": {
    "x": 1.0,
    "y": 0.8876458,
    "z": 0.0,
    "w": 1.0
  },
  "Nebular2Color2": {
    "x": 0.115998477,
    "y": 0.564825356,
    "z": 0.0722451061,
    "w": 1.0
  },
  "SunSize": 0.0,
  "SunSkyIntensity": 3.06789231,
  "SunSkyColor": {
    "x": 1.0,
    "y": 0.760902345,
    "z": 0.5813954,
    "w": 1.0
  },
  "SunUp": 0.155189276,
  "SunHorizontal": 0.431043029
}