{
  "SunIntensity": 1.87932718,
  "SunColor": {
    "x": 1.0,
    "y": 0.7974858,
    "z": 0.622093,
    "w": 1.0
  },
  "ParticleSize": 0.2801724,
  "ParticleDensity": 0.2801724,
  "DepthShallow": {
    "x": 0.0120352106,
    "y": 0.465810269,
    "z": 0.503978133,
    "w": 1.0
  },
  "DepthDeep": {
    "x": 0.5372549,
    "y": 0.9485543,
    "z": 1.0,
    "w": 1.0
  },
  "FoamColor": {
    "x": 1.0,
    "y": 0.9989088,
    "z": 0.8313953,
    "w": 1.0
  },
  "FoamScale": 6.81353474,
  "SkyColor": {
    "x": 1.0,
    "y": 0.49941045,
    "z": 0.0,
    "w": 1.0
  },
  "EquatorColor": {
    "x": 0.0,
    "y": 0.9241189,
    "z": 1.0,
    "w": 1.0
  },
  "GroundColor": {
    "x": 1.0,
    "y": 1.0,
    "z": 1.0,
    "w": 1.0
  },
  "Seed": 1.5,
  "Scale": 1.5,
  "Contrast": 0.491896331,
  "AnimationSpeed": 0.006467655,
  "DustAmount": 0.4310429,
  "Nebular1Strength": 0.008629043,
  "Nebular1ColorMain": {
    "x": 0.489243984,
    "y": 0.252040446,
    "z": 0.07395549,
    "w": 1.0
  },
  "Nebular1ColorMid": {
    "x": 1.0,
    "y": 0.781763434,
    "z": 0.0,
    "w": 1.0
  },
  "Nebular2Strength": 1.0,
  "Nebular2Color1": {
    "x": 1.0,
    "y": 0.5333332,
    "z": 0.0,
    "w": 1.0
  },
  "Nebular2Color2": {
    "x": 0.0,
    "y": 0.853530645,
    "z": 1.0,
    "w": 1.0
  },
  "SunSize": 0.0,
  "SunSkyIntensity": 6.475208,
  "SunSkyColor": {
    "x": 1.0,
    "y": 0.456703216,
    "z": 0.180232584,
    "w": 1.0
  },
  "SunUp": 0.0172581673,
  "SunHorizontal": 0.112077519
}