{
  "SunIntensity": 0.90625,
  "SunColor": {
    "x": 1.0,
    "y": 0.747093,
    "z": 0.5988372,
    "w": 1.0
  },
  "ParticleSize": 0.2801724,
  "ParticleDensity": 0.2801724,
  "DepthShallow": {
    "x": 0.0,
    "y": 0.0,
    "z": 0.0,
    "w": 1.0
  },
  "DepthDeep": {
    "x": 1.0,
    "y": 0.34058696,
    "z": 0.0,
    "w": 1.0
  },
  "FoamColor": {
    "x": 0.387499779,
    "y": 0.16937612,
    "z": 0.0225290675,
    "w": 1.0
  },
  "FoamScale": 6.81353474,
  "SkyColor": {
    "x": 1.0,
    "y": 0.6505159,
    "z": 0.368627429,
    "w": 1.0
  },
  "EquatorColor": {
    "x": 1.0,
    "y": 0.517057538,
    "z": 0.0,
    "w": 1.0
  },
  "GroundColor": {
    "x": 1.0,
    "y": 0.517057538,
    "z": 0.0,
    "w": 1.0
  },
  "Seed": 1.5,
  "Scale": 1.5,
  "Contrast": 0.375625,
  "AnimationSpeed": 0.0150862066,
  "DustAmount": 0.0,
  "Nebular1Strength": 0.185294122,
  "Nebular1ColorMain": {
    "x": 0.7058824,
    "y": 0.41480878,
    "z": 0.0,
    "w": 1.0
  },
  "Nebular1ColorMid": {
    "x": 0.5764706,
    "y": 0.4692499,
    "z": 0.2627451,
    "w": 1.0
  },
  "Nebular2Strength": 0.455882341,
  "Nebular2Color1": {
    "x": 0.6,
    "y": 0.373763949,
    "z": 0.0,
    "w": 1.0
  },
  "Nebular2Color2": {
    "x": 1.0,
    "y": 0.63643074,
    "z": 0.501960754,
    "w": 1.0
  },
  "SunSize": 0.0,
  "SunSkyIntensity": 25.0,
  "SunSkyColor": {
    "x": 1.0,
    "y": 0.481763422,
    "z": 0.0,
    "w": 1.0
  },
  "SunUp": 0.3617648,
  "SunHorizontal": 1.0
}